ID,Surname,Forename,Country,Age,Gender,Nationality,Institution,Further info on institution,Subject area,Graduation Year,Grade (Irish eq.),English,Work Experience,Years' experience,Notes,My Recommendation
TBS-2026-0001,Clarke,Oliver,United Kingdom,22,Non-binary,United Kingdom,Northern University College,Teaching-focused or private college,Data Science,2026,62.4,High,No experience,0,,Borderline
TBS-2026-0002,Jones,Harry,United Kingdom,25,Male,United Kingdom,Northern College of Business,Teaching-focused or private college,Engineering,2024,60.0,High,1-2 years,2,,Borderline
TBS-2026-0003,Martin,Tom,France,26,Male,France,Loire University,Established public / regional university,Information Systems,2020,54.0,High,3+ years,5,Relevant work experience,Borderline
TBS-2026-0004,Zhang,Jing,China,32,Female,China,Northern College of Business,Teaching-focused or private college,Engineering,2016,74.0,High,3+ years,5,Study not recent; Strong quantitative background; Relevant work experience,Borderline
TBS-2026-0005,Reddy,Aarav,India,29,Female,India,Eastern University,Established public / regional university,Information Systems,2020,52.5,High,1-2 years,1,,Borderline
TBS-2026-0006,Rousseau,Camille,France,32,Female,Ireland,Central Research University,Research-intensive flagship university,Business Administration,2016,74.3,High,3+ years,4,"Study not recent; Flagship institution, high grade; Relevant work experience",Borderline
TBS-2026-0007,Zhang,Mei,China,31,Male,China,Riverside College of Business,Teaching-focused or private college,Mathematics & Statistics,2019,65.6,High,3+ years,6,Strong quantitative background; Relevant work experience,Strong Fit
TBS-2026-0008,Okonkwo,Kelechi,Nigeria,27,Female,Nigeria,Highland Research University,Research-intensive flagship university,Accounting,2022,46.8,High,3+ years,3,Relevant work experience,Not Recommended
TBS-2026-0009,Farooq,Usman,Pakistan,30,Female,Pakistan,Northern University College,Teaching-focused or private college,Engineering,2019,69.4,High,1-2 years,2,,Strong Fit
TBS-2026-0010,Desai,Aditya,India,25,Female,India,Northern Institute of Technology,Established public / regional university,Mathematics & Statistics,2022,74.4,,3+ years,3,English test pending; Strong quantitative background; Relevant work experience,Needs Review
TBS-2026-0011,Hussain,Usman,Pakistan,30,Male,Pakistan,Capital University College,Teaching-focused or private college,Actuarial Science,2020,61.2,,Internships,0,English test pending,Needs Review
TBS-2026-0012,Nwosu,Funmi,Nigeria,20,Non-binary,Nigeria,Coastal Institute of Technology,Established public / regional university,Engineering,2026,61.3,High,Internships,0,,Borderline
TBS-2026-0013,Thompson,Olivia,United States,25,Male,United States,Pacific Research University,Research-intensive flagship university,Economics,2022,60.3,High,3+ years,3,Relevant work experience,Borderline
TBS-2026-0014,Liu,Li,China,26,Female,China,Riverside University College,Teaching-focused or private college,Finance,2021,79.7,Low,3+ years,5,Relevant work experience,Borderline
TBS-2026-0015,Balogun,Ifeoma,Nigeria,28,Male,Nigeria,Unity Institute of Technology,Established public / regional university,Computer Science,2019,47.6,Low,3+ years,3,Relevant work experience,Not Recommended
TBS-2026-0016,Nair,Priya,India,21,Female,India,Northern University,Established public / regional university,Economics,2026,,Moderate,Internships,0,Transcript pending,Needs Review
TBS-2026-0017,Byrne,Sean,Ireland,26,Male,Ireland,Eastern University of Science & Technology,Research-intensive flagship university,Management,2024,61.2,High,Internships,0,,Borderline
TBS-2026-0018,Fontaine,Camille,France,25,Female,France,Riviera Institute of Technology,Established public / regional university,Finance,2021,57.7,Moderate,1-2 years,1,,Borderline
TBS-2026-0019,Bauer,Sophie,Germany,20,Female,Germany,Rhine Institute of Technology,Established public / regional university,Engineering,2026,68.0,High,No experience,0,Strong quantitative background,Strong Fit
TBS-2026-0020,Murphy,Roisin,Ireland,33,Female,Ireland,National University of Science & Technology,Research-intensive flagship university,Computer Science,2015,82.0,High,3+ years,4,"Study not recent; Strong quantitative background; Flagship institution, high grade; Relevant work experience",Borderline
TBS-2026-0021,Evans,Amelia,United Kingdom,29,Male,United Kingdom,Northern College of Business,,Engineering,2023,55.0,High,Internships,0,,Borderline
TBS-2026-0022,Wang,Jing,China,23,Male,China,Northern University,Established public / regional university,Psychology,2023,82.0,High,3+ years,3,Check prerequisites for analytics track; Relevant work experience,Borderline
TBS-2026-0023,Moore,Jessica,United States,22,Prefer not to say,United States,Pacific University,Established public / regional university,Management,2025,70.2,High,No experience,0,,Strong Fit
TBS-2026-0024,Desai,Aarav,India,24,Male,India,National University of Science & Technology,Research-intensive flagship university,Information Systems,2024,70.9,Moderate,Internships,0,"Flagship institution, high grade",Borderline
TBS-2026-0025,Gupta,Rohan,India,29,Female,India,National University College,Teaching-focused or private college,Computer Science,2020,68.8,High,3+ years,5,Strong quantitative background; Relevant work experience,Strong Fit
TBS-2026-0026,Oliveira,Camila,Brazil,25,Female,Brazil,Central University,Established public / regional university,Economics,2022,72.1,,3+ years,4,English test pending; Strong quantitative background; Relevant work experience,Needs Review
TBS-2026-0027,Gupta,Sneha,India,24,Female,India,Northern Research University,Research-intensive flagship university,Information Systems,2024,77.3,Moderate,1-2 years,2,"Flagship institution, high grade",Borderline
TBS-2026-0028,Huang,Yan,China,23,Non-binary,China,Coastal University of Science & Technology,Research-intensive flagship university,Mathematics & Statistics,2025,75.5,Low,1-2 years,1,"Strong quantitative background; Flagship institution, high grade",Borderline
TBS-2026-0029,Gallagher,Darragh,Ireland,34,Female,Ireland,Capital Institute of Technology,Established public / regional university,Data Science,2017,65.4,High,1-2 years,2,,Borderline
TBS-2026-0030,Miller,Michael,United States,23,Female,United States,Summit University of Science & Technology,Research-intensive flagship university,Accounting,2026,58.8,High,Internships,0,,Borderline
TBS-2026-0031,Moore,Michael,United States,36,Female,United States,Pacific University,Established public / regional university,Economics,2015,74.2,High,1-2 years,2,Study not recent; Strong quantitative background,Borderline
TBS-2026-0032,Almeida,Larissa,Brazil,28,Female,Brazil,Coastal Institute of Technology,Established public / regional university,Computer Science,2022,62.0,High,3+ years,4,Relevant work experience,Borderline
TBS-2026-0033,Chukwu,Obinna,Nigeria,29,Male,Nigeria,Coastal Research University,Research-intensive flagship university,Engineering,2019,66.0,Moderate,1-2 years,2,Strong quantitative background,Borderline
TBS-2026-0034,Huang,Lei,China,26,Male,China,Eastern University of Science & Technology,Research-intensive flagship university,Information Systems,2022,67.8,High,No experience,0,,Strong Fit
TBS-2026-0035,Johnson,Emily,United States,22,Male,United States,State Research University,Research-intensive flagship university,Computer Science,2026,73.7,High,Internships,0,"Strong quantitative background; Flagship institution, high grade",Strong Fit
TBS-2026-0036,Balogun,Adaeze,Nigeria,27,Male,Nigeria,Western University,Established public / regional university,Economics,2020,60.9,High,3+ years,4,Relevant work experience,Borderline
TBS-2026-0037,Souza,Camila,Brazil,27,Female,Brazil,Coastal University,Established public / regional university,Accounting,2021,65.6,Moderate,3+ years,4,Relevant work experience,Borderline
TBS-2026-0038,Wu,Yan,China,33,Male,China,Eastern Research University,Research-intensive flagship university,Physics,2016,74.1,High,1-2 years,1,"Study not recent; Strong quantitative background; Flagship institution, high grade",Borderline
TBS-2026-0039,Xu,Feng,China,20,Male,China,Coastal College of Business,Teaching-focused or private college,Commerce,2026,53.4,Moderate,Internships,0,,Borderline
TBS-2026-0040,Raza,Fatima,Pakistan,23,Male,Pakistan,Northern University of Science & Technology,Research-intensive flagship university,Information Systems,2025,69.4,Moderate,Internships,0,"Flagship institution, high grade",Borderline
TBS-2026-0041,Liu,Feng,China,24,Male,China,Eastern University,Established public / regional university,Finance,2021,73.6,High,3+ years,5,Relevant work experience,Strong Fit
TBS-2026-0042,Zhao,Yan,China,22,Male,China,Central Research University,Research-intensive flagship university,Engineering,2025,70.5,High,1-2 years,1,"Strong quantitative background; Flagship institution, high grade",Strong Fit
TBS-2026-0043,Butt,Hassan,Pakistan,26,Non-binary,Pakistan,Capital University of Science & Technology,Research-intensive flagship university,Mathematics & Statistics,2023,74.8,Moderate,Internships,0,"Strong quantitative background; Flagship institution, high grade",Borderline
TBS-2026-0044,Gupta,Ananya,India,20,Female,India,Coastal Institute of Technology,Established public / regional university,Physics,2026,63.6,Moderate,No experience,0,,Borderline
TBS-2026-0045,Ahmed,Ali,Pakistan,33,Female,Pakistan,Northern Institute of Technology,Established public / regional university,Physics,2016,79.4,Moderate,3+ years,8,Study not recent; Strong quantitative background; Relevant work experience,Borderline
TBS-2026-0046,Qureshi,Hira,Pakistan,28,Female,Pakistan,National University College,Teaching-focused or private college,Economics,2022,61.6,High,3+ years,3,Relevant work experience,Borderline
TBS-2026-0047,Byrne,Darragh,Ireland,31,Male,Ireland,Atlantic University of Science & Technology,Research-intensive flagship university,International Relations,2016,54.3,High,3+ years,10,Study not recent; Check prerequisites for analytics track; Relevant work experience,Borderline
TBS-2026-0048,Wright,Ava,United Kingdom,30,Female,United Kingdom,Royal Research University,Research-intensive flagship university,Information Systems,2018,75.7,High,Internships,0,"Flagship institution, high grade",Strong Fit
TBS-2026-0049,Mercier,Hugo,France,21,Male,France,Central Research University,Research-intensive flagship university,Computer Science,2026,62.8,Moderate,No experience,0,,Borderline
TBS-2026-0050,Wu,Xin,China,28,Male,China,Central Institute of Technology,Established public / regional university,Mathematics & Statistics,2024,59.2,Low,1-2 years,1,,Borderline
TBS-2026-0051,Liu,Mei,China,23,Male,China,Riverside University of Science & Technology,Research-intensive flagship university,Accounting,2026,66.5,Moderate,Internships,0,,Borderline
TBS-2026-0052,Wang,Wei,China,22,Female,China,Eastern University,Established public / regional university,Information Systems,2023,67.8,,1-2 years,2,English test pending,Needs Review
TBS-2026-0053,Souza,Lucas,Brazil,22,Male,Brazil,Federal Research University,Research-intensive flagship university,Finance,2025,62.8,Moderate,1-2 years,1,,Borderline
TBS-2026-0054,Gallagher,Darragh,Ireland,30,Male,Ireland,Capital Institute of Technology,Established public / regional university,Psychology,2019,69.4,High,Internships,0,,Borderline
TBS-2026-0055,Brown,Oliver,United Kingdom,31,Female,United Kingdom,Royal University of Science & Technology,Research-intensive flagship university,Commerce,2019,64.0,High,3+ years,4,Relevant work experience,Borderline
TBS-2026-0056,Sharma,Aarav,India,24,Male,India,Eastern Research University,Research-intensive flagship university,Marketing,2024,68.6,High,1-2 years,2,"Check prerequisites for analytics track; Flagship institution, high grade",Borderline
TBS-2026-0057,Patel,Vikram,India,27,Female,India,Coastal University of Science & Technology,Research-intensive flagship university,Data Science,2021,80.6,High,1-2 years,2,"Strong quantitative background; Flagship institution, high grade",Strong Fit
TBS-2026-0058,Gallagher,Conor,Ireland,32,Male,Ireland,National University College,Teaching-focused or private college,Mathematics & Statistics,2015,68.5,Moderate,3+ years,7,Study not recent; Strong quantitative background; Relevant work experience,Borderline
TBS-2026-0059,Koch,Felix,Germany,28,Female,Germany,Alpine Research University,Research-intensive flagship university,Data Science,2021,58.6,Moderate,3+ years,5,Relevant work experience,Borderline
TBS-2026-0060,McCarthy,Roisin,Ireland,23,Female,Ireland,National Research University,Research-intensive flagship university,Mathematics & Statistics,2022,59.5,High,1-2 years,1,,Borderline
TBS-2026-0061,Liu,Chen,China,30,Female,China,Riverside University College,Teaching-focused or private college,Engineering,2017,70.8,High,3+ years,4,Study not recent; Strong quantitative background; Relevant work experience,Borderline
TBS-2026-0062,Silva,Felipe,Brazil,25,Male,Brazil,Coastal University,Established public / regional university,Computer Science,2024,64.7,Moderate,No experience,0,,Borderline
TBS-2026-0063,Gupta,Kavya,India,23,Male,India,Coastal Institute of Technology,Established public / regional university,Information Systems,2025,60.5,High,1-2 years,1,,Borderline
TBS-2026-0064,Bauer,Paul,Germany,26,Female,Germany,Central University,Established public / regional university,Management,2021,67.6,Moderate,3+ years,3,Relevant work experience,Borderline
TBS-2026-0065,Mercier,Jules,France,33,Male,France,Loire Research University,Research-intensive flagship university,Data Science,2014,61.2,High,1-2 years,2,Study not recent,Borderline
TBS-2026-0066,Roberts,Mia,United Kingdom,23,Female,United Kingdom,Northern University,,Management,2026,63.5,High,Internships,0,,Borderline
TBS-2026-0067,Ryan,Cian,Ireland,28,Female,Ireland,National Institute of Technology,Established public / regional university,Psychology,2019,68.3,High,3+ years,3,Check prerequisites for analytics track; Relevant work experience,Borderline
TBS-2026-0068,Weber,Lukas,Germany,29,Female,Germany,Northern Research University,Research-intensive flagship university,Data Science,2021,77.0,Moderate,1-2 years,2,"Strong quantitative background; Flagship institution, high grade",Borderline
TBS-2026-0069,Gallagher,Niamh,Ireland,31,Female,Ireland,National University,,Data Science,2015,53.4,High,1-2 years,1,Study not recent,Borderline
TBS-2026-0070,Sharma,Priya,India,27,Male,India,National University,Established public / regional university,Business Administration,2021,61.2,High,3+ years,5,Relevant work experience,Borderline
TBS-2026-0071,Wilson,Isla,United Kingdom,31,Non-binary,United Kingdom,Coastal University,Established public / regional university,Business Administration,2018,63.7,High,3+ years,5,Relevant work experience,Borderline
TBS-2026-0072,Gupta,Aditya,India,29,Male,India,Coastal Institute of Technology,Established public / regional university,Marketing,2021,59.6,Moderate,3+ years,3,Check prerequisites for analytics track; Relevant work experience,Borderline
TBS-2026-0073,Wang,Li,China,24,Female,China,Riverside University,Established public / regional university,Engineering,2024,70.6,High,1-2 years,2,Strong quantitative background,Strong Fit
TBS-2026-0074,Huang,Wei,China,28,Male,China,Northern Institute of Technology,Established public / regional university,Actuarial Science,2020,72.4,Low,3+ years,5,Strong quantitative background; Relevant work experience,Borderline
TBS-2026-0075,Brown,Harry,United Kingdom,36,Male,United Kingdom,Northern Institute of Technology,Established public / regional university,International Relations,2014,63.8,High,3+ years,5,Study not recent; Check prerequisites for analytics track; Relevant work experience,Borderline
TBS-2026-0076,Ferreira,Mariana,Brazil,24,Female,Brazil,Atlantic College of Business,Teaching-focused or private college,Business Administration,2024,58.3,High,Internships,0,,Borderline
TBS-2026-0077,Krishnan,Priya,India,23,Male,India,National Research University,Research-intensive flagship university,Data Science,2025,61.0,High,1-2 years,1,,Borderline
TBS-2026-0078,Schmidt,Sophie,Germany,24,Female,France,Alpine University College,Teaching-focused or private college,Business Administration,2023,59.0,High,3+ years,3,Relevant work experience,Borderline
TBS-2026-0079,Williams,Jessica,United States,28,Male,United States,State University,Established public / regional university,International Relations,2022,55.8,High,3+ years,3,Check prerequisites for analytics track; Relevant work experience,Borderline
TBS-2026-0080,Hoffmann,Lukas,Germany,26,Male,Germany,Northern University,,Data Science,2024,68.4,Moderate,1-2 years,2,Strong quantitative background,Borderline
TBS-2026-0081,Kelly,Aoife,Ireland,29,Female,Ireland,Eastern University College,Teaching-focused or private college,Engineering,2022,52.9,High,Internships,0,,Borderline
TBS-2026-0082,Desai,Rohan,India,25,Male,India,Northern University,Established public / regional university,Economics,2023,82.0,Moderate,1-2 years,2,Strong quantitative background,Borderline
TBS-2026-0083,Martin,Emma,France,24,Female,France,Riviera College of Business,Teaching-focused or private college,Engineering,2025,,Moderate,1-2 years,1,Transcript pending,Needs Review
TBS-2026-0084,Huang,Lei,China,29,Female,China,Eastern Institute of Technology,Established public / regional university,Mathematics & Statistics,2021,63.3,Moderate,1-2 years,1,,Borderline
TBS-2026-0085,Thomas,George,United Kingdom,24,Male,United Kingdom,Central University of Science & Technology,Research-intensive flagship university,Commerce,2024,60.8,High,Internships,0,,Borderline
TBS-2026-0086,Xu,Hao,China,33,Male,China,Eastern Research University,Research-intensive flagship university,Engineering,2015,62.6,Moderate,3+ years,9,Study not recent; Relevant work experience,Borderline
TBS-2026-0087,Krishnan,Rohan,India,23,Male,India,Eastern University,Established public / regional university,Mathematics & Statistics,2025,79.2,High,No experience,0,Strong quantitative background,Strong Fit
TBS-2026-0088,Chukwu,Ngozi,Nigeria,25,Female,Nigeria,Coastal University,Established public / regional university,Management,2023,61.7,Moderate,No experience,0,,Borderline
TBS-2026-0089,Garcia,Daniel,United States,28,Female,United States,Heritage University,Established public / regional university,Information Systems,2021,75.1,,Internships,0,English test pending,Needs Review
TBS-2026-0090,Fontaine,Louis,France,24,Male,France,National University,Established public / regional university,Psychology,2023,44.2,Moderate,3+ years,3,,Not Recommended
TBS-2026-0091,Mehta,Ananya,India,25,Female,India,National Research University,Research-intensive flagship university,Engineering,2025,75.9,High,No experience,0,"Strong quantitative background; Flagship institution, high grade",Strong Fit
TBS-2026-0092,Desai,Sneha,India,26,Female,India,Eastern Research University,Research-intensive flagship university,Economics,2022,51.6,High,3+ years,3,Relevant work experience,Borderline
TBS-2026-0093,Laurent,Chloe,France,22,Female,France,Northern Research University,Research-intensive flagship university,Psychology,2024,68.7,High,1-2 years,1,"Check prerequisites for analytics track; Flagship institution, high grade",Borderline
TBS-2026-0094,Martin,Manon,France,30,Prefer not to say,France,Riviera University of Science & Technology,Research-intensive flagship university,Computer Science,2021,63.4,High,1-2 years,1,,Borderline
TBS-2026-0095,Afolabi,Emeka,Nigeria,28,Female,Nigeria,Federal College of Business,,Actuarial Science,2022,63.7,High,3+ years,4,Relevant work experience,Borderline
TBS-2026-0096,Hoffmann,Sophie,Germany,24,Female,Germany,Rhine College of Business,Teaching-focused or private college,Finance,2025,57.0,High,1-2 years,1,,Borderline
TBS-2026-0097,Liu,Li,China,29,Male,China,Central Research University,Research-intensive flagship university,Finance,2020,68.6,High,3+ years,4,"Flagship institution, high grade; Relevant work experience",Strong Fit
TBS-2026-0098,Mehta,Ananya,India,22,Male,India,Deccan Research University,Research-intensive flagship university,Commerce,2025,82.0,,1-2 years,1,"English test pending; Flagship institution, high grade",Needs Review
TBS-2026-0099,Sharma,Sneha,India,27,Female,India,National College of Business,Teaching-focused or private college,Physics,2023,61.9,Moderate,3+ years,3,Relevant work experience,Borderline
TBS-2026-0100,Almeida,Juliana,Brazil,34,Female,Brazil,Central Research University,Research-intensive flagship university,Computer Science,2016,52.5,Moderate,3+ years,8,Study not recent; Relevant work experience,Borderline
TBS-2026-0101,Becker,Jonas,Germany,33,Male,Germany,Central University of Science & Technology,Research-intensive flagship university,Finance,2016,70.8,High,3+ years,10,"Study not recent; Flagship institution, high grade; Relevant work experience",Borderline
TBS-2026-0102,Nwosu,Ifeoma,Nigeria,21,Male,Nigeria,Unity University,Established public / regional university,Data Science,2026,38.0,Moderate,Internships,0,,Not Recommended
TBS-2026-0103,Iyer,Diya,India,27,Female,India,Deccan Research University,Research-intensive flagship university,Computer Science,2021,77.5,High,1-2 years,2,"Strong quantitative background; Flagship institution, high grade",Strong Fit
TBS-2026-0104,Roberts,George,United Kingdom,27,Female,United Kingdom,Coastal University College,Teaching-focused or private college,Finance,2021,,High,1-2 years,2,Transcript pending,Needs Review
TBS-2026-0105,Rao,Rohan,India,34,Female,India,National Institute of Technology,Established public / regional university,Engineering,2016,48.0,Moderate,3+ years,6,Study not recent; Relevant work experience,Not Recommended
TBS-2026-0106,Brennan,Sean,Ireland,24,Male,Ireland,Atlantic Institute of Technology,Established public / regional university,Actuarial Science,2025,62.8,High,1-2 years,1,,Borderline
TBS-2026-0107,Yang,Mei,China,26,Male,China,Coastal University,Established public / regional university,Economics,2023,56.2,High,1-2 years,1,,Borderline
TBS-2026-0108,Muller,Lena,Germany,22,Female,Germany,Rhine University,Established public / regional university,Economics,2024,72.8,Moderate,1-2 years,2,Strong quantitative background,Borderline
TBS-2026-0109,Okonkwo,Yetunde,Nigeria,25,Female,Nigeria,Unity University College,Teaching-focused or private college,Business Administration,2024,57.3,Moderate,1-2 years,2,,Borderline
TBS-2026-0110,Evans,Sophie,United Kingdom,25,Female,United Kingdom,Coastal Institute of Technology,,Marketing,2021,64.2,High,3+ years,3,Check prerequisites for analytics track; Relevant work experience,Borderline
TBS-2026-0111,Iyer,Sneha,India,31,Female,India,Deccan University of Science & Technology,Research-intensive flagship university,Computer Science,2017,73.9,High,1-2 years,1,"Study not recent; Strong quantitative background; Flagship institution, high grade",Borderline
TBS-2026-0112,Evans,Isla,United Kingdom,34,Male,France,Metropolitan Institute of Technology,Established public / regional university,Economics,2014,65.6,High,1-2 years,1,Study not recent; Strong quantitative background,Borderline
TBS-2026-0113,Wilson,Oliver,United Kingdom,23,Female,United Kingdom,Royal Institute of Technology,Established public / regional university,Economics,2025,54.2,High,1-2 years,1,,Borderline
TBS-2026-0114,Ryan,Niamh,Ireland,25,Female,Ireland,Atlantic University of Science & Technology,Research-intensive flagship university,Accounting,2025,52.6,High,No experience,0,,Borderline
TBS-2026-0115,Krishnan,Vikram,India,31,Male,India,National College of Business,Teaching-focused or private college,Management,2020,61.7,Moderate,3+ years,6,Relevant work experience,Borderline
TBS-2026-0116,Jackson,Michael,United States,23,Prefer not to say,China,Pacific Research University,Research-intensive flagship university,Business Administration,2025,61.4,High,1-2 years,1,,Borderline
TBS-2026-0117,Smith,Mia,United Kingdom,29,Female,United Kingdom,Royal Research University,Research-intensive flagship university,Information Systems,2017,60.4,,1-2 years,1,English test pending; Study not recent,Needs Review
TBS-2026-0118,Martin,Nathan,France,25,Male,France,Riviera Research University,Research-intensive flagship university,Data Science,2023,71.2,Moderate,Internships,0,"Strong quantitative background; Flagship institution, high grade",Borderline
TBS-2026-0119,Gupta,Kavya,India,23,Female,India,Deccan Institute of Technology,Established public / regional university,Data Science,2026,70.6,Moderate,Internships,0,,Borderline
TBS-2026-0120,Gupta,Rohan,India,26,Female,India,Eastern University,Established public / regional university,Engineering,2024,73.1,High,1-2 years,2,Strong quantitative background,Strong Fit
TBS-2026-0121,Kelly,Darragh,Ireland,29,Female,Ireland,Capital Institute of Technology,Established public / regional university,Marketing,2019,66.3,High,Internships,0,Check prerequisites for analytics track,Borderline
TBS-2026-0122,Patel,Ananya,India,27,Female,India,Deccan Research University,,Data Science,2019,80.0,High,Internships,0,"Strong quantitative background; Flagship institution, high grade",Strong Fit
TBS-2026-0123,Doyle,Cian,Ireland,23,Female,Ireland,Capital University College,Teaching-focused or private college,Computer Science,2024,60.5,High,1-2 years,2,,Borderline
TBS-2026-0124,Zhang,Yan,China,34,Female,China,Coastal College of Business,Teaching-focused or private college,Business Administration,2016,62.2,High,3+ years,8,Study not recent; Relevant work experience,Borderline
TBS-2026-0125,Raza,Ali,Pakistan,21,Male,Pakistan,National College of Business,Teaching-focused or private college,Data Science,2026,48.7,High,No experience,0,,Not Recommended
TBS-2026-0126,Desai,Vikram,India,25,Male,India,Northern Institute of Technology,Established public / regional university,Economics,2022,74.2,Moderate,3+ years,3,Strong quantitative background; Relevant work experience,Borderline
TBS-2026-0127,Hoffmann,Marie,Germany,24,Female,Germany,Federal Research University,Research-intensive flagship university,Information Systems,2024,56.7,High,1-2 years,2,,Borderline
TBS-2026-0128,Mehta,Sneha,India,23,Non-binary,India,Eastern Institute of Technology,Established public / regional university,Physics,2026,61.7,High,No experience,0,,Borderline
TBS-2026-0129,Nair,Diya,India,28,Male,India,Eastern University of Science & Technology,Research-intensive flagship university,Information Systems,2021,70.0,High,3+ years,5,,Strong Fit
TBS-2026-0130,Fontaine,Louis,France,25,Male,France,Riviera Institute of Technology,Established public / regional university,Engineering,2023,58.1,High,3+ years,3,Relevant work experience,Borderline
TBS-2026-0131,Malik,Fatima,Pakistan,29,Male,Pakistan,Capital University of Science & Technology,Research-intensive flagship university,Management,2018,65.2,High,Internships,0,,Strong Fit
TBS-2026-0132,Schmidt,Anna,Germany,22,Female,Germany,Federal University of Science & Technology,Research-intensive flagship university,Engineering,2026,57.4,High,Internships,0,,Borderline
TBS-2026-0133,Wu,Yan,China,23,Male,China,Central University of Science & Technology,Research-intensive flagship university,Economics,2025,67.5,High,No experience,0,Strong quantitative background,Strong Fit
TBS-2026-0134,Thomas,Sophie,United Kingdom,23,Male,United Kingdom,Royal Institute of Technology,Established public / regional university,Management,2025,44.4,High,1-2 years,1,,Not Recommended
TBS-2026-0135,Zhou,Jing,China,28,Female,China,Riverside University,Established public / regional university,Economics,2019,63.9,Moderate,1-2 years,2,,Borderline
TBS-2026-0136,Schmidt,Maximilian,Germany,28,Prefer not to say,Germany,Federal University,Established public / regional university,Finance,2018,74.7,High,1-2 years,1,,Strong Fit
TBS-2026-0137,Walsh,Cian,Ireland,24,Female,Ireland,Capital University,Established public / regional university,Physics,2023,56.2,High,3+ years,3,Relevant work experience,Borderline
TBS-2026-0138,O'Brien,Eoin,Ireland,31,Male,Ireland,Atlantic University College,Teaching-focused or private college,Data Science,2018,64.9,High,Internships,0,,Borderline
TBS-2026-0139,Khan,Ahmed,Pakistan,32,Female,Pakistan,Indus University,Established public / regional university,Physics,2014,64.5,Moderate,1-2 years,2,Study not recent,Borderline
TBS-2026-0140,Reddy,Vikram,India,27,Female,India,Northern College of Business,Teaching-focused or private college,Finance,2022,72.3,Moderate,Internships,0,,Borderline
TBS-2026-0141,Eze,Kelechi,Nigeria,28,Male,Nigeria,Unity University College,Teaching-focused or private college,Computer Science,2021,59.5,Moderate,3+ years,4,Relevant work experience,Borderline
TBS-2026-0142,Reddy,Rohan,India,24,Male,India,Deccan College of Business,Teaching-focused or private college,Commerce,2025,45.1,Moderate,1-2 years,1,,Not Recommended
TBS-2026-0143,Krishnan,Arjun,India,22,Male,India,National Institute of Technology,Established public / regional university,Economics,2026,63.5,High,No experience,0,,Borderline
TBS-2026-0144,Afolabi,Obinna,Nigeria,25,Female,Nigeria,Unity Institute of Technology,Established public / regional university,Data Science,2021,57.7,High,1-2 years,1,,Borderline
TBS-2026-0145,Moore,James,United States,26,Male,United States,Lakeside Institute of Technology,Established public / regional university,Business Administration,2024,73.8,,Internships,0,English test pending,Needs Review
TBS-2026-0146,Garcia,Sarah,United States,26,Non-binary,Pakistan,Lakeside Research University,Research-intensive flagship university,Actuarial Science,2025,60.1,,1-2 years,1,English test pending,Needs Review
TBS-2026-0147,Reddy,Diya,India,26,Male,India,Eastern Institute of Technology,Established public / regional university,Finance,2022,78.0,Moderate,3+ years,3,Relevant work experience,Borderline
TBS-2026-0148,Costa,Gabriel,Brazil,22,Female,Brazil,Southern University,Established public / regional university,Computer Science,2025,61.7,Moderate,No experience,0,,Borderline
TBS-2026-0149,Yang,Chen,China,26,Female,China,Central Institute of Technology,Established public / regional university,Computer Science,2023,78.4,Moderate,1-2 years,1,Strong quantitative background,Borderline
TBS-2026-0150,Adebayo,Chinedu,Nigeria,28,Male,Nigeria,Federal University College,Teaching-focused or private college,Management,2021,82.0,Moderate,3+ years,4,,Borderline
TBS-2026-0151,Shaikh,Ali,Pakistan,27,Female,Pakistan,Indus Institute of Technology,Established public / regional university,Data Science,2021,73.2,Moderate,1-2 years,1,Strong quantitative background,Borderline
TBS-2026-0152,Butt,Ahmed,Pakistan,26,Male,Pakistan,National Institute of Technology,Established public / regional university,Actuarial Science,2021,71.0,High,1-2 years,2,Strong quantitative background,Strong Fit
TBS-2026-0153,Okafor,Ifeoma,Nigeria,21,Female,Nigeria,Federal College of Business,Teaching-focused or private college,Computer Science,2026,56.4,High,No experience,0,,Borderline
TBS-2026-0154,Thompson,Daniel,United States,26,Male,United States,Summit Institute of Technology,Established public / regional university,Engineering,2021,69.5,High,3+ years,3,Strong quantitative background; Relevant work experience,Strong Fit
TBS-2026-0155,Pereira,Mariana,Brazil,24,Female,Brazil,Southern Research University,Research-intensive flagship university,Accounting,2023,57.0,Moderate,3+ years,3,Relevant work experience,Borderline
TBS-2026-0156,Jackson,Emily,United States,24,Female,United Kingdom,Lakeside University,Established public / regional university,Finance,2026,74.4,High,No experience,0,,Strong Fit
TBS-2026-0157,Brown,Sophie,United Kingdom,24,Male,United Kingdom,Metropolitan University of Science & Technology,Research-intensive flagship university,Mathematics & Statistics,2026,63.5,High,No experience,0,,Borderline
TBS-2026-0158,Kelly,Eoin,Ireland,34,Male,France,Capital University of Science & Technology,Research-intensive flagship university,Management,2016,48.0,High,3+ years,5,Study not recent; Relevant work experience,Not Recommended
TBS-2026-0159,Pereira,Larissa,Brazil,28,Male,Brazil,Central College of Business,Teaching-focused or private college,Computer Science,2022,74.5,Moderate,3+ years,3,Strong quantitative background; Relevant work experience,Borderline
TBS-2026-0160,Zhang,Yan,China,25,Male,China,Eastern Institute of Technology,,Finance,2023,82.0,Low,1-2 years,1,,Borderline
TBS-2026-0161,Murphy,Cian,Ireland,33,Female,Ireland,Eastern Institute of Technology,Established public / regional university,Information Systems,2016,63.7,,3+ years,10,,Needs Review
TBS-2026-0162,Jones,Amelia,United Kingdom,27,Female,United Kingdom,Central University of Science & Technology,,Accounting,2022,60.3,High,3+ years,4,Relevant work experience,Borderline
TBS-2026-0163,Shaikh,Usman,Pakistan,25,Female,Pakistan,Northern Institute of Technology,Established public / regional university,Information Systems,2024,50.6,High,1-2 years,2,,Borderline
TBS-2026-0164,Wu,Feng,China,26,Male,China,Eastern University of Science & Technology,Research-intensive flagship university,Management,2024,76.2,Moderate,1-2 years,2,"Flagship institution, high grade",Borderline
TBS-2026-0165,Desai,Diya,India,25,Male,India,National University of Science & Technology,Research-intensive flagship university,Computer Science,2024,80.0,High,Internships,0,"Strong quantitative background; Flagship institution, high grade",Strong Fit
TBS-2026-0166,Iyer,Ananya,India,30,Male,India,Northern University,Established public / regional university,Commerce,2016,62.2,Moderate,3+ years,9,Study not recent; Relevant work experience,Borderline
TBS-2026-0167,Chen,Lei,China,31,Male,China,Central Institute of Technology,Established public / regional university,Economics,2019,,High,3+ years,5,Transcript pending; Relevant work experience,Needs Review
TBS-2026-0168,O'Brien,Roisin,Ireland,27,Prefer not to say,Ireland,National University of Science & Technology,Research-intensive flagship university,Data Science,2022,76.6,High,1-2 years,1,"Strong quantitative background; Flagship institution, high grade",Strong Fit
TBS-2026-0169,Liu,Hao,China,30,Male,China,Coastal Research University,Research-intensive flagship university,Computer Science,2017,70.5,Moderate,3+ years,5,"Study not recent; Strong quantitative background; Flagship institution, high grade; Relevant work experience",Borderline
TBS-2026-0170,Chukwu,Tunde,Nigeria,28,Non-binary,Nigeria,Western Research University,Research-intensive flagship university,Accounting,2020,61.6,High,3+ years,6,Relevant work experience,Borderline
TBS-2026-0171,Bernard,Jules,France,21,Male,France,Loire University,Established public / regional university,Mathematics & Statistics,2025,64.1,Moderate,1-2 years,1,,Borderline
TBS-2026-0172,Hoffmann,Paul,Germany,35,Male,Germany,Federal University College,Teaching-focused or private college,Accounting,2015,60.0,Moderate,1-2 years,2,Study not recent,Borderline
TBS-2026-0173,Thompson,Jessica,United States,22,Female,United States,Lakeside University,Established public / regional university,Management,2026,59.8,High,No experience,0,,Borderline
TBS-2026-0174,Becker,Laura,Germany,22,Non-binary,Germany,Alpine Institute of Technology,Established public / regional university,Data Science,2024,56.7,High,Internships,0,,Borderline
TBS-2026-0175,Ryan,Conor,Ireland,28,Female,Ireland,Eastern University of Science & Technology,Research-intensive flagship university,Economics,2020,59.5,High,3+ years,3,Relevant work experience,Borderline
TBS-2026-0176,Garcia,David,United States,31,Male,United States,Summit University,Established public / regional university,Economics,2017,60.1,High,3+ years,5,Study not recent; Relevant work experience,Borderline
TBS-2026-0177,Krishnan,Diya,India,25,Male,India,Eastern Institute of Technology,Established public / regional university,Business Administration,2023,58.1,Moderate,3+ years,3,Relevant work experience,Borderline
TBS-2026-0178,Shaikh,Sana,Pakistan,23,Male,Pakistan,Capital College of Business,Teaching-focused or private college,Data Science,2026,55.1,High,No experience,0,,Borderline
TBS-2026-0179,Sharma,Diya,India,26,Female,India,Deccan University of Science & Technology,Research-intensive flagship university,Finance,2021,55.2,High,3+ years,4,Relevant work experience,Borderline
TBS-2026-0180,Nwosu,Ngozi,Nigeria,33,Female,Nigeria,Federal College of Business,Teaching-focused or private college,Computer Science,2017,63.0,Low,1-2 years,1,Study not recent,Borderline
TBS-2026-0181,Evans,Jack,United Kingdom,20,Male,Brazil,Central University of Science & Technology,Research-intensive flagship university,Mathematics & Statistics,2026,63.3,High,Internships,0,,Borderline
TBS-2026-0182,Clarke,Oliver,United Kingdom,33,Male,United Kingdom,Metropolitan University,Established public / regional university,Commerce,2019,59.4,High,1-2 years,1,,Borderline
TBS-2026-0183,Reddy,Diya,India,34,Female,India,Northern Research University,Research-intensive flagship university,Economics,2016,62.2,High,3+ years,8,Study not recent; Relevant work experience,Borderline
TBS-2026-0184,Reddy,Ananya,India,29,Female,India,Coastal Institute of Technology,Established public / regional university,Economics,2019,48.5,Moderate,1-2 years,2,,Not Recommended
TBS-2026-0185,Qureshi,Zara,Pakistan,26,Male,Pakistan,Capital University,Established public / regional university,Computer Science,2023,63.8,High,1-2 years,1,,Borderline
TBS-2026-0186,Ryan,Niamh,Ireland,31,Male,Ireland,Eastern Institute of Technology,Established public / regional university,Mathematics & Statistics,2016,63.1,High,1-2 years,1,Study not recent,Borderline
TBS-2026-0187,Rousseau,Jules,France,22,Male,France,Riviera Institute of Technology,Established public / regional university,Actuarial Science,2026,54.4,High,No experience,0,,Borderline
TBS-2026-0188,Iyer,Arjun,India,23,Female,India,Northern College of Business,Teaching-focused or private college,Engineering,2024,59.3,High,1-2 years,1,,Borderline
TBS-2026-0189,Williams,Jessica,United States,25,Male,United States,State College of Business,Teaching-focused or private college,Economics,2021,65.1,High,Internships,0,Strong quantitative background,Strong Fit
TBS-2026-0190,Raza,Ayesha,Pakistan,31,Female,Pakistan,Indus Research University,Research-intensive flagship university,Data Science,2018,77.4,Moderate,1-2 years,1,"Strong quantitative background; Flagship institution, high grade",Borderline
TBS-2026-0191,Bauer,Marie,Germany,26,Male,Germany,Alpine University College,Teaching-focused or private college,Marketing,2023,56.2,,3+ years,3,English test pending; Check prerequisites for analytics track; Relevant work experience,Needs Review
TBS-2026-0192,Xu,Chen,China,31,Male,China,Eastern University,Established public / regional university,Marketing,2017,47.9,High,1-2 years,2,Study not recent; Check prerequisites for analytics track,Not Recommended
TBS-2026-0193,Wright,Isla,United Kingdom,25,Female,United Kingdom,Metropolitan College of Business,Teaching-focused or private college,Commerce,2022,72.2,,1-2 years,2,English test pending,Needs Review
TBS-2026-0194,Gallagher,Conor,Ireland,26,Male,India,Atlantic Institute of Technology,Established public / regional university,Mathematics & Statistics,2024,60.8,,1-2 years,2,English test pending,Needs Review
TBS-2026-0195,Weber,Sophie,Germany,23,Male,Germany,Rhine University,Established public / regional university,Commerce,2025,53.6,High,No experience,0,,Borderline
TBS-2026-0196,Wilson,George,United Kingdom,33,Male,United Kingdom,Metropolitan University of Science & Technology,,Actuarial Science,2017,68.8,High,1-2 years,2,"Study not recent; Strong quantitative background; Flagship institution, high grade",Borderline
TBS-2026-0197,Bauer,Lukas,Germany,33,Male,Germany,Alpine Research University,Research-intensive flagship university,Finance,2017,68.7,Moderate,3+ years,8,"Study not recent; Flagship institution, high grade; Relevant work experience",Borderline
TBS-2026-0198,Reddy,Kavya,India,29,Female,India,National University College,Teaching-focused or private college,Physics,2021,66.9,High,3+ years,5,Strong quantitative background; Relevant work experience,Strong Fit
TBS-2026-0199,Oluwole,Yetunde,Nigeria,27,Male,Nigeria,Unity University College,Teaching-focused or private college,Management,2021,,High,1-2 years,1,Transcript pending,Needs Review
TBS-2026-0200,Costa,Beatriz,Brazil,29,Non-binary,Brazil,Coastal University College,Teaching-focused or private college,Commerce,2019,,High,3+ years,6,Transcript pending; Relevant work experience,Needs Review
TBS-2026-0201,Martinez,Ethan,United States,24,Male,United States,Summit Institute of Technology,Established public / regional university,Engineering,2026,82.0,High,No experience,0,Strong quantitative background,Strong Fit
TBS-2026-0202,McCarthy,Roisin,Ireland,26,Female,Ireland,Midland University,Established public / regional university,Engineering,2024,79.2,High,Internships,0,Strong quantitative background,Strong Fit
TBS-2026-0203,Xu,Li,China,23,Female,China,Coastal University of Science & Technology,Research-intensive flagship university,Finance,2026,70.7,High,No experience,0,"Flagship institution, high grade",Strong Fit
TBS-2026-0204,Desai,Sneha,India,30,Male,India,Deccan University College,Teaching-focused or private college,Marketing,2018,70.9,High,1-2 years,2,Check prerequisites for analytics track,Borderline
TBS-2026-0205,Muller,Anna,Germany,30,Male,Germany,Alpine Institute of Technology,Established public / regional university,Management,2019,65.9,High,3+ years,3,Relevant work experience,Strong Fit
TBS-2026-0206,Sharma,Priya,India,23,Male,India,Coastal Institute of Technology,Established public / regional university,Management,2025,59.9,Low,No experience,0,,Borderline
TBS-2026-0207,Adeyemi,Adaeze,Nigeria,25,Male,Nigeria,Western Institute of Technology,Established public / regional university,Finance,2024,61.1,High,Internships,0,,Borderline
TBS-2026-0208,Afolabi,Kelechi,Nigeria,25,Male,Nigeria,Coastal University,Established public / regional university,Business Administration,2023,62.7,High,3+ years,3,Relevant work experience,Borderline
TBS-2026-0209,Nwosu,Obinna,Nigeria,27,Male,Nigeria,Coastal College of Business,Teaching-focused or private college,Information Systems,2023,59.2,High,1-2 years,1,,Borderline
TBS-2026-0210,Reddy,Diya,India,21,Female,India,Coastal University of Science & Technology,Research-intensive flagship university,Economics,2026,55.5,High,Internships,0,,Borderline
TBS-2026-0211,Moore,Olivia,United States,25,Male,United States,Heritage College of Business,Teaching-focused or private college,Finance,2026,62.8,High,Internships,0,,Borderline
TBS-2026-0212,Balogun,Emeka,Nigeria,28,Male,Nigeria,Coastal University College,Teaching-focused or private college,Commerce,2022,69.1,High,3+ years,3,Relevant work experience,Strong Fit
TBS-2026-0213,Adeyemi,Ngozi,Nigeria,26,Female,Nigeria,Federal Institute of Technology,Established public / regional university,Business Administration,2023,81.1,High,3+ years,3,Relevant work experience,Strong Fit
TBS-2026-0214,Becker,Laura,Germany,27,Female,Germany,Northern University of Science & Technology,Research-intensive flagship university,Business Administration,2021,67.8,High,3+ years,5,Relevant work experience,Strong Fit
TBS-2026-0215,Johnson,Emily,United States,34,Male,United States,Heritage University of Science & Technology,Research-intensive flagship university,Business Administration,2017,67.5,Moderate,3+ years,3,Study not recent; Relevant work experience,Borderline
TBS-2026-0216,Iyer,Aditya,India,25,Female,India,Northern Institute of Technology,Established public / regional university,Engineering,2023,71.6,High,3+ years,3,Strong quantitative background; Relevant work experience,Strong Fit
TBS-2026-0217,Shaikh,Usman,Pakistan,24,Male,Pakistan,Northern College of Business,Teaching-focused or private college,Economics,2026,67.6,,No experience,0,English test pending; Strong quantitative background,Needs Review
TBS-2026-0218,Ryan,Roisin,Ireland,22,Male,Ireland,Midland Institute of Technology,Established public / regional university,Finance,2026,76.3,High,Internships,0,,Strong Fit
TBS-2026-0219,Zhao,Jing,China,24,Female,China,Eastern College of Business,Teaching-focused or private college,Economics,2026,71.3,High,Internships,0,Strong quantitative background,Strong Fit
TBS-2026-0220,Liu,Lei,China,35,Male,China,Northern College of Business,Teaching-focused or private college,Marketing,2015,73.0,Moderate,3+ years,3,Study not recent; Check prerequisites for analytics track; Relevant work experience,Borderline
TBS-2026-0221,Thomas,George,United Kingdom,34,Female,United Kingdom,Royal University,Established public / regional university,Management,2015,63.9,High,3+ years,3,Study not recent; Relevant work experience,Borderline
TBS-2026-0222,Desai,Rohan,India,27,Female,India,Deccan University,Established public / regional university,International Relations,2020,74.8,High,1-2 years,1,Check prerequisites for analytics track,Borderline
TBS-2026-0223,Clarke,George,United Kingdom,25,Male,United Kingdom,Metropolitan Research University,Research-intensive flagship university,Management,2025,54.1,Moderate,Internships,0,,Borderline
TBS-2026-0224,Oluwole,Emeka,Nigeria,32,Female,Nigeria,Unity University,Established public / regional university,Data Science,2015,61.0,Low,3+ years,10,Study not recent; Relevant work experience,Borderline
TBS-2026-0225,Sharma,Priya,India,34,Male,India,Eastern Institute of Technology,Established public / regional university,Actuarial Science,2015,60.7,Moderate,3+ years,4,Study not recent; Relevant work experience,Borderline
TBS-2026-0226,Adebayo,Funmi,Nigeria,24,Female,Nigeria,Highland University,Established public / regional university,Finance,2024,39.0,,1-2 years,1,English test pending,Needs Review
TBS-2026-0227,Patel,Rohan,India,26,Male,India,Deccan Institute of Technology,Established public / regional university,Marketing,2026,66.5,High,Internships,0,Check prerequisites for analytics track,Borderline
TBS-2026-0228,Murphy,Sean,Ireland,30,Female,Ireland,Capital University of Science & Technology,Research-intensive flagship university,Finance,2019,69.4,High,3+ years,4,"Flagship institution, high grade; Relevant work experience",Strong Fit
TBS-2026-0229,Iyer,Diya,India,30,Female,India,National Research University,Research-intensive flagship university,Data Science,2020,72.7,,3+ years,6,"English test pending; Strong quantitative background; Flagship institution, high grade; Relevant work experience",Needs Review
TBS-2026-0230,Ahmed,Ayesha,Pakistan,30,Male,Pakistan,National Institute of Technology,Established public / regional university,Physics,2019,64.2,Moderate,3+ years,6,Relevant work experience,Borderline
TBS-2026-0231,Ryan,Darragh,Ireland,33,Female,Ireland,National University College,Teaching-focused or private college,Business Administration,2015,58.4,High,Internships,0,Study not recent,Borderline
TBS-2026-0232,Brown,Sophie,United Kingdom,23,Male,United Kingdom,Northern University College,Teaching-focused or private college,Mathematics & Statistics,2026,61.6,High,Internships,0,,Borderline
TBS-2026-0233,Fontaine,Chloe,France,31,Female,France,Northern University of Science & Technology,Research-intensive flagship university,Computer Science,2021,77.4,Moderate,3+ years,5,"Strong quantitative background; Flagship institution, high grade; Relevant work experience",Borderline
TBS-2026-0234,Walsh,Roisin,Ireland,28,Female,Ireland,Atlantic College of Business,Teaching-focused or private college,Computer Science,2022,65.8,High,3+ years,4,Strong quantitative background; Relevant work experience,Strong Fit
TBS-2026-0235,Clarke,George,United Kingdom,21,Female,United Kingdom,Coastal Research University,Research-intensive flagship university,Marketing,2026,76.9,High,No experience,0,"Check prerequisites for analytics track; Flagship institution, high grade",Borderline
TBS-2026-0236,Krishnan,Arjun,India,25,Female,India,Northern Institute of Technology,Established public / regional university,Economics,2025,56.9,Moderate,Internships,0,,Borderline
TBS-2026-0237,Fischer,Paul,Germany,27,Male,Germany,Alpine Institute of Technology,Established public / regional university,Data Science,2023,57.6,Moderate,3+ years,3,Relevant work experience,Borderline
TBS-2026-0238,Murphy,Cian,Ireland,28,Male,Ireland,Atlantic Research University,Research-intensive flagship university,Engineering,2021,61.5,High,1-2 years,2,,Borderline
TBS-2026-0239,Reddy,Ananya,India,21,Female,India,Deccan University College,Teaching-focused or private college,Economics,2026,73.1,Moderate,Internships,0,Strong quantitative background,Borderline
TBS-2026-0240,Laurent,Louis,France,26,Female,France,National University of Science & Technology,Research-intensive flagship university,Information Systems,2022,58.8,Moderate,3+ years,4,Relevant work experience,Borderline
TBS-2026-0241,Krishnan,Aarav,India,23,Female,India,Northern College of Business,Teaching-focused or private college,Accounting,2025,59.1,High,1-2 years,1,,Borderline
TBS-2026-0242,Koch,Felix,Germany,28,Male,Germany,Central University,Established public / regional university,Finance,2022,67.1,High,3+ years,3,Relevant work experience,Strong Fit
TBS-2026-0243,Gallagher,Aisling,Ireland,21,Male,Ireland,Midland University,Established public / regional university,Accounting,2026,71.3,High,No experience,0,,Strong Fit
TBS-2026-0244,Zhou,Li,China,26,Female,China,Riverside Institute of Technology,Established public / regional university,Engineering,2023,70.3,Low,Internships,0,Strong quantitative background,Borderline
TBS-2026-0245,Jones,Mia,United Kingdom,25,Male,United Kingdom,Northern Research University,,Engineering,2025,64.4,High,No experience,0,,Borderline
TBS-2026-0246,Jackson,Ethan,United States,30,Female,United States,Pacific College of Business,Teaching-focused or private college,Data Science,2022,57.9,High,No experience,0,,Borderline
TBS-2026-0247,Schmidt,Marie,Germany,32,Male,Germany,Central University of Science & Technology,Research-intensive flagship university,Data Science,2017,76.7,High,3+ years,8,"Study not recent; Strong quantitative background; Flagship institution, high grade; Relevant work experience",Borderline
TBS-2026-0248,Schmidt,Laura,Germany,23,Female,Germany,Alpine University of Science & Technology,Research-intensive flagship university,Psychology,2026,57.0,High,No experience,0,Check prerequisites for analytics track,Borderline
TBS-2026-0249,Sharma,Aarav,India,21,Non-binary,India,Deccan Research University,Research-intensive flagship university,Marketing,2026,82.0,High,Internships,0,"Check prerequisites for analytics track; Flagship institution, high grade",Borderline
TBS-2026-0250,Butt,Fatima,Pakistan,23,Female,Pakistan,Capital College of Business,Teaching-focused or private college,Commerce,2024,57.5,High,1-2 years,2,,Borderline
TBS-2026-0251,Yang,Hao,China,20,Male,China,Central Research University,Research-intensive flagship university,Commerce,2026,65.6,,No experience,0,English test pending,Needs Review
TBS-2026-0252,Evans,Oliver,United Kingdom,27,Female,United Kingdom,Coastal University,Established public / regional university,Marketing,2020,58.2,High,3+ years,5,Check prerequisites for analytics track; Relevant work experience,Borderline
TBS-2026-0253,Ferreira,Bruno,Brazil,24,Female,Brazil,Atlantic College of Business,Teaching-focused or private college,Physics,2025,58.5,Moderate,1-2 years,1,,Borderline
TBS-2026-0254,Qureshi,Fatima,Pakistan,30,Male,Pakistan,Indus Institute of Technology,,Management,2020,56.9,Moderate,1-2 years,1,,Borderline
TBS-2026-0255,Reddy,Rohan,India,26,Female,India,Northern University,Established public / regional university,Management,2025,70.0,High,1-2 years,1,,Strong Fit
TBS-2026-0256,Chen,Lei,China,31,Female,China,Eastern University,Established public / regional university,Economics,2018,69.4,High,1-2 years,1,Strong quantitative background,Strong Fit
TBS-2026-0257,Oliveira,Beatriz,Brazil,34,Female,Brazil,Federal University College,Teaching-focused or private college,Economics,2019,61.0,Moderate,3+ years,7,Relevant work experience,Borderline
TBS-2026-0258,Farooq,Ahmed,Pakistan,33,Female,Pakistan,National University,Established public / regional university,Business Administration,2014,55.7,Moderate,3+ years,6,Study not recent; Relevant work experience,Borderline
TBS-2026-0259,Martinez,Daniel,United States,24,Female,United States,Lakeside Institute of Technology,Established public / regional university,Business Administration,2024,81.4,Moderate,1-2 years,2,,Borderline
TBS-2026-0260,Rao,Vikram,India,30,Female,India,Eastern University,Established public / regional university,Mathematics & Statistics,2018,71.7,High,3+ years,6,Strong quantitative background; Relevant work experience,Strong Fit
TBS-2026-0261,Brennan,Sean,Ireland,23,Male,Ireland,Midland University,Established public / regional university,Engineering,2025,68.4,High,1-2 years,1,,Strong Fit
TBS-2026-0262,Zhao,Wei,China,25,Male,China,Northern Research University,Research-intensive flagship university,Management,2026,54.3,High,Internships,0,,Borderline
TBS-2026-0263,Rao,Sneha,India,28,Male,India,Coastal College of Business,Teaching-focused or private college,Data Science,2021,54.4,High,3+ years,4,Relevant work experience,Borderline
TBS-2026-0264,Liu,Hao,China,24,Female,China,Eastern University College,Teaching-focused or private college,Computer Science,2025,67.4,Moderate,Internships,0,Strong quantitative background,Borderline
TBS-2026-0265,Raza,Hassan,Pakistan,23,Female,Pakistan,Northern Research University,Research-intensive flagship university,Economics,2026,,High,Internships,0,Transcript pending,Needs Review
TBS-2026-0266,Walsh,Sean,Ireland,31,Female,Ireland,Midland University of Science & Technology,Research-intensive flagship university,Engineering,2016,59.2,High,3+ years,3,,Borderline
TBS-2026-0267,Yang,Yan,China,29,Male,China,Coastal Institute of Technology,Established public / regional university,Marketing,2019,68.7,Moderate,Internships,0,Check prerequisites for analytics track,Borderline
TBS-2026-0268,Williams,Sarah,United States,31,Male,United States,State University College,Teaching-focused or private college,Economics,2018,53.9,High,3+ years,8,Relevant work experience,Borderline
TBS-2026-0269,Dubois,Lea,France,24,Male,France,Central University of Science & Technology,Research-intensive flagship university,Information Systems,2025,65.7,High,1-2 years,1,,Strong Fit
TBS-2026-0270,Zhang,Yan,China,28,Female,China,Riverside Institute of Technology,Established public / regional university,Management,2021,71.7,Moderate,1-2 years,1,,Borderline
TBS-2026-0271,Gupta,Priya,India,36,Female,India,National Institute of Technology,Established public / regional university,Physics,2014,81.8,Moderate,1-2 years,1,Study not recent; Strong quantitative background,Borderline
TBS-2026-0272,Iqbal,Usman,Pakistan,31,Female,Pakistan,Highland University College,Teaching-focused or private college,Mathematics & Statistics,2016,49.4,,3+ years,5,English test pending; Study not recent; Relevant work experience,Needs Review
TBS-2026-0273,Jones,Harry,United Kingdom,28,Male,United Kingdom,Coastal Institute of Technology,,Management,2022,48.4,High,3+ years,4,Relevant work experience,Not Recommended
TBS-2026-0274,Smith,Mia,United Kingdom,33,Female,United States,Royal University of Science & Technology,Research-intensive flagship university,Engineering,2018,62.0,High,3+ years,3,Relevant work experience,Borderline
TBS-2026-0275,Gallagher,Niamh,Ireland,27,Female,Ireland,Eastern University,Established public / regional university,Economics,2023,54.4,High,Internships,0,,Borderline
TBS-2026-0276,Silva,Camila,Brazil,23,Male,Brazil,Southern Research University,Research-intensive flagship university,Engineering,2026,60.3,High,No experience,0,,Borderline
TBS-2026-0277,Brennan,Conor,Ireland,23,Male,Ireland,Atlantic University College,Teaching-focused or private college,Business Administration,2025,66.4,High,1-2 years,1,,Strong Fit
TBS-2026-0278,Mehta,Diya,India,25,Male,India,Northern College of Business,Teaching-focused or private college,International Relations,2021,53.9,High,3+ years,3,Check prerequisites for analytics track; Relevant work experience,Borderline
TBS-2026-0279,Walsh,Roisin,Ireland,27,Male,Ireland,Eastern Institute of Technology,Established public / regional university,Accounting,2023,62.3,High,1-2 years,2,,Borderline
TBS-2026-0280,Murphy,Darragh,Ireland,27,Male,Ireland,Capital University of Science & Technology,Research-intensive flagship university,Management,2024,64.1,High,Internships,0,,Borderline
TBS-2026-0281,Souza,Lucas,Brazil,31,Male,Brazil,Central Institute of Technology,Established public / regional university,Information Systems,2018,78.3,Moderate,3+ years,7,Relevant work experience,Borderline
TBS-2026-0282,Patel,Ananya,India,27,Female,India,Eastern Research University,Research-intensive flagship university,Mathematics & Statistics,2023,65.4,Moderate,3+ years,3,Strong quantitative background; Relevant work experience,Borderline
TBS-2026-0283,Martinez,Ashley,United States,29,Female,United States,Heritage Research University,Research-intensive flagship university,Data Science,2019,73.3,High,No experience,0,"Strong quantitative background; Flagship institution, high grade",Strong Fit
TBS-2026-0284,Miller,Sarah,United States,26,Male,United States,Summit University College,Teaching-focused or private college,Accounting,2024,77.3,High,1-2 years,1,,Strong Fit
TBS-2026-0285,Brennan,Aisling,Ireland,22,Female,Ireland,National University,Established public / regional university,Data Science,2026,63.2,High,No experience,0,,Borderline
TBS-2026-0286,Schneider,Felix,Germany,24,Female,Germany,Central Research University,Research-intensive flagship university,Economics,2022,75.0,High,3+ years,4,"Strong quantitative background; Flagship institution, high grade; Relevant work experience",Strong Fit
TBS-2026-0287,Mercier,Camille,France,24,Male,France,Central Research University,Research-intensive flagship university,Business Administration,2025,61.9,High,1-2 years,1,,Borderline
TBS-2026-0288,Wright,Harry,United Kingdom,28,Male,Nigeria,Metropolitan Research University,Research-intensive flagship university,Management,2021,60.8,High,1-2 years,2,,Borderline
TBS-2026-0289,Rousseau,Louis,France,37,Female,France,Central Institute of Technology,Established public / regional university,Physics,2016,57.6,High,3+ years,8,Study not recent; Relevant work experience,Borderline
TBS-2026-0290,Sharma,Aarav,India,30,Female,India,Deccan University,Established public / regional university,Engineering,2020,71.8,Low,1-2 years,1,Strong quantitative background,Borderline
TBS-2026-0291,Eze,Adaeze,Nigeria,34,Female,Nigeria,Coastal Institute of Technology,Established public / regional university,International Relations,2015,73.1,High,Internships,0,Study not recent; Check prerequisites for analytics track,Borderline
TBS-2026-0292,Taylor,Amelia,United Kingdom,29,Male,United Kingdom,Royal Research University,Research-intensive flagship university,Information Systems,2016,73.5,High,1-2 years,2,"Study not recent; Flagship institution, high grade",Borderline
TBS-2026-0293,Byrne,Aoife,Ireland,24,Male,Ireland,Eastern University of Science & Technology,Research-intensive flagship university,Management,2026,70.1,High,No experience,0,,Strong Fit
TBS-2026-0294,Souza,Larissa,Brazil,32,Male,Brazil,Atlantic University of Science & Technology,Research-intensive flagship university,Management,2018,66.4,Moderate,Internships,0,,Borderline
TBS-2026-0295,Evans,Isla,United Kingdom,20,Male,United Kingdom,Metropolitan Research University,Research-intensive flagship university,Data Science,2026,59.5,High,No experience,0,,Borderline
TBS-2026-0296,Murphy,Eoin,Ireland,22,Male,Ireland,National University,Established public / regional university,Data Science,2025,62.7,High,1-2 years,1,,Borderline
TBS-2026-0297,Garcia,Michael,United States,23,Male,United States,Heritage Research University,Research-intensive flagship university,Finance,2024,56.5,Moderate,1-2 years,1,,Borderline
TBS-2026-0298,Anderson,James,United States,26,Male,United States,Lakeside University College,Teaching-focused or private college,Management,2025,52.7,High,1-2 years,1,,Borderline
TBS-2026-0299,Iyer,Rohan,India,21,Male,India,Eastern Institute of Technology,Established public / regional university,Accounting,2025,61.7,Moderate,1-2 years,1,,Borderline
TBS-2026-0300,Rousseau,Camille,France,25,Female,France,National University,Established public / regional university,Business Administration,2023,68.4,,3+ years,3,English test pending; Relevant work experience,Needs Review
TBS-2026-0301,Bauer,Anna,Germany,27,Prefer not to say,Germany,Rhine University of Science & Technology,Research-intensive flagship university,Business Administration,2023,73.9,Moderate,3+ years,3,"Flagship institution, high grade; Relevant work experience",Borderline
TBS-2026-0302,Wang,Xin,China,26,Male,China,Eastern Research University,Research-intensive flagship university,Business Administration,2022,55.8,Moderate,3+ years,4,Relevant work experience,Borderline
TBS-2026-0303,Sharma,Diya,India,22,Male,India,Northern University,Established public / regional university,Finance,2026,71.2,,Internships,0,,Needs Review
TBS-2026-0304,Rao,Vikram,India,25,Female,India,Eastern University of Science & Technology,Research-intensive flagship university,Engineering,2025,68.4,Moderate,1-2 years,1,"Strong quantitative background; Flagship institution, high grade",Borderline
TBS-2026-0305,Adebayo,Chinedu,Nigeria,32,Male,Nigeria,Unity College of Business,,Engineering,2018,61.4,Moderate,3+ years,6,,Borderline
TBS-2026-0306,Mercier,Louis,France,26,Female,France,Loire Institute of Technology,Established public / regional university,Marketing,2023,56.9,High,Internships,0,Check prerequisites for analytics track,Borderline
TBS-2026-0307,Iqbal,Hassan,Pakistan,30,Female,Pakistan,Northern University,Established public / regional university,Data Science,2019,63.3,Moderate,Internships,0,,Borderline
TBS-2026-0308,Walsh,Aoife,Ireland,23,Female,Ireland,Midland University of Science & Technology,Research-intensive flagship university,Business Administration,2025,58.2,High,1-2 years,1,,Borderline
TBS-2026-0309,Gallagher,Cian,Ireland,30,Male,Ireland,Atlantic University of Science & Technology,Research-intensive flagship university,Finance,2018,59.9,High,1-2 years,1,,Borderline
TBS-2026-0310,Miller,David,United States,27,Female,United States,Pacific Research University,Research-intensive flagship university,Accounting,2024,,High,1-2 years,1,Transcript pending,Needs Review
TBS-2026-0311,Butt,Hira,Pakistan,32,Female,Pakistan,National Institute of Technology,Established public / regional university,Finance,2017,76.7,Moderate,3+ years,9,Study not recent; Relevant work experience,Borderline
TBS-2026-0312,Qureshi,Sana,Pakistan,29,Female,Pakistan,Capital College of Business,Teaching-focused or private college,Finance,2021,62.6,,3+ years,3,English test pending; Relevant work experience,Needs Review
TBS-2026-0313,Schneider,Sophie,Germany,36,Prefer not to say,Germany,Federal Research University,Research-intensive flagship university,Accounting,2014,65.3,High,3+ years,9,Study not recent; Relevant work experience,Borderline
TBS-2026-0314,Liu,Wei,China,29,Female,China,Riverside Research University,Research-intensive flagship university,Finance,2022,80.6,High,3+ years,4,"Flagship institution, high grade; Relevant work experience",Strong Fit
TBS-2026-0315,Girard,Louis,France,23,Female,France,Riviera University of Science & Technology,Research-intensive flagship university,Information Systems,2025,61.3,High,1-2 years,1,,Borderline
TBS-2026-0316,Zhao,Jing,China,26,Female,China,Coastal Research University,Research-intensive flagship university,Computer Science,2021,79.3,High,3+ years,5,"Strong quantitative background; Flagship institution, high grade; Relevant work experience",Strong Fit
TBS-2026-0317,Wang,Feng,China,25,Male,China,Riverside Research University,Research-intensive flagship university,Engineering,2025,79.4,Moderate,1-2 years,1,"Strong quantitative background; Flagship institution, high grade",Borderline
TBS-2026-0318,Muller,Maximilian,Germany,23,Male,Germany,Rhine Institute of Technology,Established public / regional university,Mathematics & Statistics,2025,59.0,,1-2 years,1,English test pending,Needs Review
TBS-2026-0319,Wright,Oliver,United Kingdom,28,Female,United Kingdom,Coastal University of Science & Technology,Research-intensive flagship university,Finance,2021,,High,1-2 years,2,Transcript pending,Needs Review
TBS-2026-0320,Zhao,Wei,China,32,Male,China,Riverside University of Science & Technology,Research-intensive flagship university,Finance,2016,69.5,Moderate,Internships,0,"Study not recent; Flagship institution, high grade",Borderline
TBS-2026-0321,Liu,Feng,China,31,Female,Brazil,Eastern University,Established public / regional university,Management,2019,54.9,High,3+ years,5,Relevant work experience,Borderline
TBS-2026-0322,Afolabi,Ngozi,Nigeria,28,Male,Nigeria,Federal University of Science & Technology,Research-intensive flagship university,Commerce,2019,61.4,High,3+ years,4,Relevant work experience,Borderline
TBS-2026-0323,Taylor,Harry,United Kingdom,28,Female,United Kingdom,Central Research University,Research-intensive flagship university,Computer Science,2020,,High,3+ years,4,Transcript pending; Relevant work experience,Needs Review
TBS-2026-0324,Shaikh,Hassan,Pakistan,29,Female,Pakistan,National University of Science & Technology,Research-intensive flagship university,Computer Science,2019,65.5,Moderate,3+ years,6,Strong quantitative background; Relevant work experience,Borderline
TBS-2026-0325,Farooq,Ayesha,Pakistan,35,Female,Pakistan,Capital University,Established public / regional university,Information Systems,2016,61.4,Low,3+ years,6,Study not recent; Relevant work experience,Borderline
TBS-2026-0326,Mercier,Manon,France,25,Male,France,Riviera College of Business,Teaching-focused or private college,Psychology,2023,65.0,High,3+ years,3,Check prerequisites for analytics track; Relevant work experience,Borderline
TBS-2026-0327,Evans,George,United Kingdom,23,Female,United Kingdom,Coastal University,Established public / regional university,Economics,2024,58.3,High,1-2 years,1,,Borderline
TBS-2026-0328,Zhao,Hao,China,28,Male,China,Central University of Science & Technology,Research-intensive flagship university,Psychology,2020,79.0,High,3+ years,4,"Check prerequisites for analytics track; Flagship institution, high grade; Relevant work experience",Borderline
TBS-2026-0329,Krishnan,Vikram,India,24,Female,India,Coastal University,Established public / regional university,Mathematics & Statistics,2022,79.9,Low,1-2 years,2,Strong quantitative background,Borderline
TBS-2026-0330,Zhang,Jing,China,30,Female,China,Coastal University of Science & Technology,Research-intensive flagship university,Economics,2018,82.0,High,3+ years,6,"Strong quantitative background; Flagship institution, high grade; Relevant work experience",Strong Fit
TBS-2026-0331,Brennan,Aoife,Ireland,30,Male,Ireland,Atlantic University of Science & Technology,Research-intensive flagship university,Finance,2019,61.3,High,3+ years,4,Relevant work experience,Borderline
TBS-2026-0332,Schneider,Felix,Germany,34,Female,Germany,Central University of Science & Technology,Research-intensive flagship university,Engineering,2016,60.7,Moderate,3+ years,4,Study not recent; Relevant work experience,Borderline
TBS-2026-0333,Eze,Chinedu,Nigeria,27,Female,Nigeria,Coastal College of Business,Teaching-focused or private college,Marketing,2020,52.9,High,3+ years,3,Check prerequisites for analytics track; Relevant work experience,Borderline
TBS-2026-0334,McCarthy,Roisin,Ireland,24,Female,Ireland,Eastern University of Science & Technology,Research-intensive flagship university,Management,2025,58.0,High,No experience,0,,Borderline
TBS-2026-0335,Ryan,Conor,Ireland,25,Female,Ireland,Atlantic Institute of Technology,Established public / regional university,Commerce,2024,62.4,High,1-2 years,2,,Borderline
TBS-2026-0336,Zhao,Jing,China,25,Female,China,Riverside University of Science & Technology,Research-intensive flagship university,Data Science,2022,65.0,,3+ years,3,English test pending; Strong quantitative background; Relevant work experience,Needs Review
TBS-2026-0337,Gallagher,Sean,Ireland,30,Female,Ireland,Eastern University of Science & Technology,Research-intensive flagship university,Engineering,2018,,High,3+ years,5,Transcript pending; Relevant work experience,Needs Review
TBS-2026-0338,Laurent,Louis,France,25,Female,France,Northern Institute of Technology,Established public / regional university,Business Administration,2025,68.9,,Internships,0,English test pending,Needs Review
TBS-2026-0339,Weber,Sophie,Germany,23,Male,Germany,Alpine Institute of Technology,Established public / regional university,Data Science,2026,55.7,High,Internships,0,,Borderline
TBS-2026-0340,Kelly,Saoirse,Ireland,23,Female,Ireland,Midland University,Established public / regional university,Economics,2026,65.8,High,No experience,0,Strong quantitative background,Strong Fit
TBS-2026-0341,Muller,Lukas,Germany,22,Male,Germany,Alpine College of Business,Teaching-focused or private college,Management,2025,67.9,High,1-2 years,1,,Strong Fit
TBS-2026-0342,Thomas,Oliver,United Kingdom,27,Female,United Kingdom,Metropolitan University,Established public / regional university,Economics,2023,71.3,High,Internships,0,Strong quantitative background,Strong Fit
TBS-2026-0343,Walsh,Conor,Ireland,24,Female,Ireland,Eastern University,Established public / regional university,Business Administration,2026,64.4,High,No experience,0,,Borderline
TBS-2026-0344,O'Brien,Darragh,Ireland,25,Female,Ireland,Capital University,Established public / regional university,Engineering,2024,60.9,High,No experience,0,,Borderline
TBS-2026-0345,Eze,Tunde,Nigeria,21,Female,Nigeria,Coastal Research University,Research-intensive flagship university,Commerce,2026,70.1,High,No experience,0,"Flagship institution, high grade",Strong Fit
TBS-2026-0346,Anderson,Daniel,United States,24,Female,United States,State University of Science & Technology,Research-intensive flagship university,Computer Science,2024,73.7,High,1-2 years,1,"Strong quantitative background; Flagship institution, high grade",Strong Fit
TBS-2026-0347,Becker,Marie,Germany,33,Non-binary,Germany,Rhine Research University,Research-intensive flagship university,Information Systems,2017,79.2,High,1-2 years,2,"Study not recent; Flagship institution, high grade",Borderline
TBS-2026-0348,Wagner,Laura,Germany,31,Male,Germany,Rhine Institute of Technology,Established public / regional university,Psychology,2016,64.1,High,Internships,0,,Borderline
TBS-2026-0349,Ryan,Sean,Ireland,26,Male,Ireland,Eastern University of Science & Technology,Research-intensive flagship university,Finance,2025,56.4,High,1-2 years,1,,Borderline
TBS-2026-0350,Anderson,Jessica,United States,33,Male,United States,Heritage Institute of Technology,Established public / regional university,Economics,2016,56.2,High,3+ years,9,Study not recent; Relevant work experience,Borderline
TBS-2026-0351,Wang,Chen,China,22,Male,China,Riverside University College,Teaching-focused or private college,Economics,2025,61.9,Moderate,1-2 years,1,,Borderline
TBS-2026-0352,Clarke,Jack,United Kingdom,23,Male,United Kingdom,Coastal University of Science & Technology,Research-intensive flagship university,Psychology,2025,67.0,High,1-2 years,1,,Borderline
TBS-2026-0353,Chen,Yan,China,28,Male,China,Northern Research University,Research-intensive flagship university,Computer Science,2022,69.5,Moderate,1-2 years,1,"Strong quantitative background; Flagship institution, high grade",Borderline
TBS-2026-0354,Chukwu,Yetunde,Nigeria,24,Male,Nigeria,Unity University College,Teaching-focused or private college,Computer Science,2024,73.0,High,1-2 years,1,Strong quantitative background,Strong Fit
TBS-2026-0355,Eze,Chinedu,Nigeria,36,Male,Nigeria,Highland University,Established public / regional university,Psychology,2014,50.7,High,3+ years,4,Study not recent; Check prerequisites for analytics track; Relevant work experience,Borderline
TBS-2026-0356,Gallagher,Aoife,Ireland,27,Male,Ireland,Atlantic Research University,Research-intensive flagship university,Engineering,2023,55.9,High,1-2 years,1,,Borderline
TBS-2026-0357,Afolabi,Funmi,Nigeria,29,Male,Nigeria,Coastal Institute of Technology,Established public / regional university,Computer Science,2021,46.8,High,3+ years,4,Relevant work experience,Not Recommended
TBS-2026-0358,Evans,Jack,United Kingdom,27,Male,United Kingdom,Central College of Business,Teaching-focused or private college,Economics,2023,52.3,High,Internships,0,,Borderline
TBS-2026-0359,Adeyemi,Obinna,Nigeria,30,Male,Nigeria,Federal College of Business,Teaching-focused or private college,Computer Science,2018,60.3,Moderate,3+ years,8,Relevant work experience,Borderline
TBS-2026-0360,Schneider,Paul,Germany,22,Male,Germany,Federal Institute of Technology,Established public / regional university,Physics,2025,69.5,High,1-2 years,1,Strong quantitative background,Strong Fit
TBS-2026-0361,Yang,Lei,China,30,Female,China,Eastern College of Business,Teaching-focused or private college,Business Administration,2022,81.0,Moderate,3+ years,4,Relevant work experience,Borderline
TBS-2026-0362,Smith,Sophie,United Kingdom,25,Female,United Kingdom,Metropolitan University,Established public / regional university,Management,2024,72.5,High,Internships,0,,Strong Fit
TBS-2026-0363,Rodrigues,Bruno,Brazil,25,Prefer not to say,Brazil,Southern Research University,Research-intensive flagship university,Information Systems,2025,60.3,High,1-2 years,1,,Borderline
TBS-2026-0364,Rodrigues,Juliana,Brazil,23,Female,Brazil,Federal University,Established public / regional university,Information Systems,2026,55.9,Moderate,Internships,0,,Borderline
TBS-2026-0365,Laurent,Hugo,France,24,Female,France,Central University of Science & Technology,Research-intensive flagship university,Finance,2023,80.5,High,1-2 years,1,"Flagship institution, high grade",Strong Fit
TBS-2026-0366,Williams,Jessica,United States,24,Female,United States,Pacific University College,Teaching-focused or private college,Business Administration,2025,62.5,High,No experience,0,,Borderline
TBS-2026-0367,Zhao,Li,China,22,Male,China,Eastern University,Established public / regional university,Data Science,2026,65.4,High,No experience,0,Strong quantitative background,Strong Fit
TBS-2026-0368,Xu,Hao,China,21,Female,China,Coastal University,Established public / regional university,Data Science,2026,82.0,Low,No experience,0,Strong quantitative background,Borderline
TBS-2026-0369,Liu,Hao,China,21,Female,China,Coastal University,Established public / regional university,Engineering,2026,76.1,High,No experience,0,Strong quantitative background,Strong Fit
TBS-2026-0370,Becker,Sophie,Germany,26,Male,Germany,Northern University of Science & Technology,Research-intensive flagship university,Computer Science,2021,61.7,High,3+ years,5,Relevant work experience,Borderline
TBS-2026-0371,Anderson,Sarah,United States,27,Male,United States,Lakeside Research University,Research-intensive flagship university,Engineering,2021,,High,1-2 years,1,Transcript pending,Needs Review
TBS-2026-0372,Patel,Vikram,India,27,Female,India,Coastal College of Business,Teaching-focused or private college,Finance,2018,57.6,High,3+ years,7,Relevant work experience,Borderline
TBS-2026-0373,Anderson,Emily,United States,26,Male,United States,Summit Institute of Technology,Established public / regional university,Engineering,2025,65.7,High,No experience,0,Strong quantitative background,Strong Fit
TBS-2026-0374,Qureshi,Usman,Pakistan,25,Female,Pakistan,Northern University of Science & Technology,Research-intensive flagship university,Mathematics & Statistics,2023,66.4,High,3+ years,3,Strong quantitative background; Relevant work experience,Strong Fit
TBS-2026-0375,Okonkwo,Ifeoma,Nigeria,28,Female,Nigeria,Unity Research University,Research-intensive flagship university,Management,2020,53.0,High,1-2 years,1,,Borderline
TBS-2026-0376,Silva,Rafael,Brazil,25,Male,Brazil,Coastal University College,Teaching-focused or private college,Business Administration,2022,63.8,High,1-2 years,1,,Borderline
TBS-2026-0377,Zhang,Feng,China,25,Female,China,Eastern College of Business,Teaching-focused or private college,Information Systems,2026,77.7,High,Internships,0,,Strong Fit
TBS-2026-0378,Silva,Larissa,Brazil,28,Male,Brazil,Southern University College,Teaching-focused or private college,Computer Science,2018,,High,3+ years,3,Transcript pending; Relevant work experience,Needs Review
TBS-2026-0379,Thompson,Ashley,United States,27,Female,Germany,Lakeside University College,Teaching-focused or private college,Finance,2025,61.5,High,Internships,0,,Borderline
TBS-2026-0380,Mehta,Arjun,India,22,Male,India,Deccan Institute of Technology,Established public / regional university,Management,2025,56.9,Moderate,No experience,0,,Borderline
TBS-2026-0381,Liu,Wei,China,23,Male,China,Coastal University of Science & Technology,Research-intensive flagship university,Business Administration,2025,62.7,Low,1-2 years,1,,Borderline
TBS-2026-0382,Chen,Wei,China,30,Male,China,Eastern Institute of Technology,Established public / regional university,Computer Science,2020,66.9,High,1-2 years,2,Strong quantitative background,Strong Fit
TBS-2026-0383,Butt,Usman,Pakistan,22,Male,Pakistan,Highland Institute of Technology,Established public / regional university,Marketing,2025,61.0,Moderate,1-2 years,1,Check prerequisites for analytics track,Borderline
TBS-2026-0384,Liu,Mei,China,26,Female,China,Riverside College of Business,Teaching-focused or private college,Engineering,2026,62.0,Moderate,Internships,0,,Borderline
TBS-2026-0385,O'Brien,Saoirse,Ireland,27,Male,Ireland,National University of Science & Technology,Research-intensive flagship university,Economics,2025,69.7,High,No experience,0,"Strong quantitative background; Flagship institution, high grade",Strong Fit
TBS-2026-0386,Okafor,Funmi,Nigeria,24,Female,Nigeria,Federal University College,Teaching-focused or private college,Engineering,2026,61.4,Moderate,Internships,0,,Borderline
TBS-2026-0387,Ryan,Eoin,Ireland,28,Prefer not to say,Ireland,Midland Institute of Technology,Established public / regional university,Psychology,2021,57.7,High,3+ years,4,Check prerequisites for analytics track; Relevant work experience,Borderline
TBS-2026-0388,Pereira,Larissa,Brazil,35,Female,Brazil,Coastal University,Established public / regional university,Management,2016,56.0,Moderate,3+ years,10,Study not recent; Relevant work experience,Borderline
TBS-2026-0389,Williams,Jessica,United States,35,Male,United States,Lakeside University,,Information Systems,2017,65.2,High,3+ years,3,,Borderline
TBS-2026-0390,Jones,Oliver,United Kingdom,24,Male,United Kingdom,Northern Institute of Technology,Established public / regional university,Economics,2026,51.2,High,No experience,0,,Borderline
TBS-2026-0391,Khan,Fatima,Pakistan,23,Male,Pakistan,Northern Institute of Technology,Established public / regional university,Engineering,2026,59.9,High,Internships,0,,Borderline
TBS-2026-0392,Zhou,Hao,China,24,Male,China,Eastern University of Science & Technology,Research-intensive flagship university,Marketing,2025,63.8,High,No experience,0,Check prerequisites for analytics track,Borderline
TBS-2026-0393,Wilson,Oliver,United Kingdom,31,Female,United Kingdom,Metropolitan University College,Teaching-focused or private college,Management,2019,62.4,High,3+ years,3,Relevant work experience,Borderline
TBS-2026-0394,Roberts,Isla,United Kingdom,22,Male,United Kingdom,Royal Institute of Technology,Established public / regional university,Management,2026,61.0,Moderate,No experience,0,,Borderline
TBS-2026-0395,Chen,Chen,China,24,Female,China,Central University College,Teaching-focused or private college,Management,2025,76.9,Moderate,Internships,0,,Borderline
TBS-2026-0396,Jones,Oliver,United Kingdom,25,Male,United Kingdom,Metropolitan University of Science & Technology,Research-intensive flagship university,Mathematics & Statistics,2024,72.5,High,1-2 years,1,"Strong quantitative background; Flagship institution, high grade",Strong Fit
TBS-2026-0397,Johnson,Emily,United States,27,Female,United States,Lakeside University College,Teaching-focused or private college,Commerce,2020,49.8,High,3+ years,6,Relevant work experience,Not Recommended
TBS-2026-0398,Ahmed,Hira,Pakistan,27,Male,Pakistan,Highland University of Science & Technology,Research-intensive flagship university,Business Administration,2022,56.7,Moderate,3+ years,4,Relevant work experience,Borderline
TBS-2026-0399,Nwosu,Yetunde,Nigeria,25,Female,Nigeria,Federal University,Established public / regional university,Management,2026,57.0,High,Internships,0,,Borderline
TBS-2026-0400,Nair,Arjun,India,34,Male,India,Eastern University,,Economics,2016,50.8,Moderate,Internships,0,Study not recent,Borderline
TBS-2026-0401,Bauer,Felix,Germany,26,Male,Germany,Northern University of Science & Technology,Research-intensive flagship university,Computer Science,2022,61.7,High,1-2 years,2,,Borderline
TBS-2026-0402,Raza,Usman,Pakistan,26,Male,Pakistan,Capital University College,,Marketing,2026,67.2,Moderate,No experience,0,Check prerequisites for analytics track,Borderline
TBS-2026-0403,Gupta,Aditya,India,26,Female,India,Coastal University,Established public / regional university,Data Science,2020,65.8,High,1-2 years,1,Strong quantitative background,Strong Fit
TBS-2026-0404,Wu,Lei,China,29,Female,China,Riverside College of Business,Teaching-focused or private college,Engineering,2022,50.6,Moderate,Internships,0,,Borderline
TBS-2026-0405,Nair,Arjun,India,22,Male,India,Northern Research University,Research-intensive flagship university,Marketing,2025,69.6,Moderate,No experience,0,"Check prerequisites for analytics track; Flagship institution, high grade",Borderline
TBS-2026-0406,Gupta,Vikram,India,24,Female,India,Northern Research University,Research-intensive flagship university,Data Science,2023,63.4,Moderate,1-2 years,2,,Borderline
TBS-2026-0407,Thomas,Mia,United Kingdom,24,Male,United Kingdom,Coastal Research University,Research-intensive flagship university,Engineering,2023,49.8,,Internships,0,English test pending,Needs Review
TBS-2026-0408,Farooq,Sana,Pakistan,31,Male,Pakistan,Northern University College,Teaching-focused or private college,Accounting,2017,56.4,High,Internships,0,Study not recent,Borderline
TBS-2026-0409,Okafor,Ifeoma,Nigeria,28,Prefer not to say,Nigeria,Coastal College of Business,Teaching-focused or private college,Management,2018,56.1,Low,3+ years,5,Relevant work experience,Borderline
TBS-2026-0410,Zhang,Jing,China,25,Male,China,Riverside University,Established public / regional university,Finance,2025,77.9,High,1-2 years,1,,Strong Fit
TBS-2026-0411,Adeyemi,Tunde,Nigeria,29,Male,Nigeria,Highland Research University,Research-intensive flagship university,Management,2021,65.7,High,3+ years,4,Relevant work experience,Strong Fit
TBS-2026-0412,Thompson,Emily,United States,27,Male,United States,State University,Established public / regional university,Business Administration,2019,67.2,High,3+ years,5,Relevant work experience,Strong Fit
TBS-2026-0413,Moore,James,United States,24,Male,United States,Lakeside University,Established public / regional university,Economics,2024,63.0,High,1-2 years,1,,Borderline
TBS-2026-0414,Rao,Vikram,India,21,Male,India,Northern University,Established public / regional university,Actuarial Science,2026,65.9,High,No experience,0,Strong quantitative background,Strong Fit
TBS-2026-0415,Miller,Michael,United States,30,Male,United States,Pacific Institute of Technology,Established public / regional university,Engineering,2019,62.3,High,3+ years,6,Relevant work experience,Borderline
TBS-2026-0416,Jones,George,United Kingdom,23,Male,United Kingdom,Central University,Established public / regional university,Finance,2025,62.4,High,1-2 years,1,,Borderline
TBS-2026-0417,Sharma,Priya,India,26,Male,India,Northern University of Science & Technology,Research-intensive flagship university,Data Science,2025,57.7,High,1-2 years,1,,Borderline
TBS-2026-0418,Desai,Ananya,India,28,Female,India,Eastern Research University,Research-intensive flagship university,Engineering,2019,67.0,High,1-2 years,2,Strong quantitative background,Strong Fit
TBS-2026-0419,Butt,Usman,Pakistan,34,Male,Pakistan,National Institute of Technology,Established public / regional university,Business Administration,2015,50.0,Moderate,3+ years,10,Study not recent; Relevant work experience,Borderline
TBS-2026-0420,Garcia,David,United States,23,Male,United States,State University College,Teaching-focused or private college,Computer Science,2025,50.1,High,1-2 years,1,,Borderline
